date,camp_id,occupancy,capacity,food_stock,food_consumption_rate,medicine_stock,medicine_consumption_rate,active_volunteers,pending_tasks,days_to_food_shortage,days_to_medicine_shortage,volunteer_shortage
2025-09-27,4,262,962,4224,2.13,91,0.23,48,5,8,2,0
2025-02-22,4,319,332,1927,1.73,320,0.23,36,93,3,4,10
2025-06-25,2,152,863,1774,1.92,14,0.12,41,56,6,1,0
2025-05-13,5,138,645,201,2.09,175,0.23,14,17,1,6,0
2025-08-18,2,444,478,1082,1.56,404,0.27,29,45,2,3,8
2025-04-14,5,585,718,2975,2.5,302,0.24,12,84,2,2,45
2025-05-01,3,118,556,1564,2.07,210,0.19,22,41,6,9,0
2025-02-12,1,143,372,538,1.78,250,0.15,10,95,2,12,28
2025-08-14,2,151,903,4667,1.74,484,0.19,35,29,18,17,0
2025-05-31,1,572,747,2519,1.53,238,0.15,18,54,3,3,28
2025-07-25,1,508,952,3483,2.44,94,0.2,19,86,3,1,34
2025-11-28,1,191,624,1984,2.04,327,0.29,9,43,5,6,14
2025-01-23,1,879,938,782,1.67,247,0.27,13,99,1,1,63
2025-06-08,2,481,699,4276,1.86,42,0.13,7,76,5,1,42
2025-08-09,2,239,315,1306,2.26,126,0.16,48,54,2,3,0
2025-05-26,1,783,839,804,2.25,440,0.21,48,46,0,3,6
2025-03-15,1,452,662,413,1.71,98,0.12,31,17,1,2,0
2025-08-29,1,260,804,3634,2.04,38,0.25,17,32,7,1,6
2025-01-19,1,220,837,3927,1.91,203,0.3,9,27,9,3,11
2025-07-25,1,268,730,4503,1.69,128,0.26,14,31,10,2,9
2025-08-07,2,117,422,1805,2.15,185,0.18,15,41,7,9,3
2025-08-21,4,146,323,801,1.66,221,0.24,48,15,3,6,0
2025-10-13,4,389,734,3464,2.47,17,0.24,27,48,4,0,8
2025-05-08,1,315,345,2104,1.77,303,0.18,40,34,4,5,0
2025-02-13,1,254,767,1782,1.91,399,0.17,20,97,4,9,24
2025-05-02,5,159,352,396,1.9,351,0.26,14,13,1,8,0
2025-11-20,5,119,472,2713,2.44,433,0.17,30,39,9,21,0
2025-07-15,1,541,564,1244,1.58,24,0.23,27,73,1,0,24
2025-02-24,2,125,405,1738,1.64,21,0.17,37,28,8,1,0
2025-10-23,5,430,451,4407,1.84,159,0.25,16,57,6,1,24
2025-10-21,2,420,784,1574,2.0,305,0.26,42,89,2,3,8
2025-07-04,1,335,692,107,2.22,201,0.26,22,67,0,2,16
2025-03-21,5,556,587,1731,2.49,230,0.1,5,59,1,4,41
2025-07-13,4,261,491,4147,2.01,360,0.29,27,25,8,5,0
2025-09-24,3,660,774,3748,2.25,449,0.24,32,76,3,3,26
2025-05-05,2,345,411,4305,1.64,267,0.12,46,15,8,6,0
2025-08-29,2,467,703,3976,2.1,381,0.14,14,64,4,6,30
2025-12-05,5,227,619,3894,1.97,489,0.14,25,81,9,15,13
2025-04-22,5,346,723,835,1.83,211,0.29,34,29,1,2,0
2025-04-05,1,367,407,1496,1.99,171,0.13,8,28,2,4,19
2025-01-20,3,223,971,2929,2.1,472,0.12,30,6,6,18,0
2025-05-31,1,144,616,4655,1.81,443,0.29,16,57,18,11,10
2025-03-05,3,196,926,1203,2.49,348,0.12,38,35,2,15,0
2025-02-14,1,697,737,996,1.56,211,0.3,7,91,1,1,57
2025-11-10,2,236,522,370,1.65,482,0.21,18,51,1,10,10
2025-08-15,5,111,575,825,1.57,218,0.15,26,60,5,13,0
2025-07-23,4,439,852,40,2.12,264,0.26,36,58,0,2,4
2025-10-30,2,760,867,3331,2.02,148,0.11,27,8,2,2,13
2025-08-18,4,585,781,4602,1.68,130,0.19,13,41,5,1,29
2025-03-01,3,552,593,3038,1.93,147,0.22,7,96,3,1,52
2025-07-09,2,258,324,1182,1.84,466,0.22,13,36,2,8,11
2025-11-09,1,166,638,1516,2.44,107,0.1,5,97,4,6,35
2025-11-07,5,270,608,3344,2.17,192,0.26,47,29,6,3,0
2025-11-21,4,561,744,3389,1.94,166,0.23,27,60,3,1,21
2025-10-14,3,446,465,4369,1.76,200,0.27,11,87,6,2,40
2025-07-14,1,262,650,1927,2.11,305,0.13,44,33,3,9,0
2025-10-24,5,542,727,3638,2.41,60,0.19,21,90,3,1,36
2025-08-19,1,132,455,4574,1.56,4,0.27,31,14,22,0,0
2025-02-03,5,223,990,3910,2.13,51,0.25,40,88,8,1,0
2025-07-29,2,177,376,437,2.41,383,0.19,42,1,1,11,0
2025-08-30,1,316,317,586,2.39,391,0.28,6,50,1,4,25
2025-10-03,5,386,407,3096,1.85,220,0.13,43,62,4,4,0
2025-01-02,4,123,682,3231,1.67,302,0.11,28,43,16,22,0
2025-01-07,3,106,701,1888,2.41,26,0.12,24,5,7,2,0
2025-05-13,3,290,372,4598,2.31,304,0.15,31,32,7,7,0
2025-05-06,3,369,791,2741,2.34,242,0.2,22,63,3,3,17
2025-10-02,3,157,547,2530,2.11,124,0.2,41,94,8,4,0
2025-05-11,3,491,720,1424,1.95,270,0.29,48,0,1,2,0
2025-08-30,3,217,715,2075,1.96,153,0.19,22,53,5,4,5
2025-09-15,2,328,485,2309,2.18,277,0.14,16,78,3,6,26
2025-11-08,5,204,427,2808,1.97,242,0.3,37,44,7,4,0
2025-02-19,5,121,410,4000,1.75,332,0.14,28,69,19,20,1
2025-03-12,4,237,465,2238,2.28,361,0.21,31,95,4,7,11
2025-05-20,2,820,875,3042,2.15,271,0.13,9,85,2,3,60
2025-05-09,4,188,796,3295,2.11,193,0.17,9,72,8,6,24
2025-02-21,5,725,913,978,2.33,350,0.27,37,72,1,2,23
2025-03-17,2,644,814,2475,2.19,466,0.14,43,64,2,5,10
2025-07-29,1,452,698,4139,2.2,374,0.22,29,28,4,4,2
2025-01-19,2,278,517,3457,2.13,472,0.26,38,59,6,7,0
2025-10-04,2,272,970,1546,2.26,134,0.23,31,85,3,2,10
2025-01-16,4,110,415,2646,1.78,87,0.24,11,57,14,3,13
2025-10-18,5,623,779,1061,1.53,186,0.2,25,42,1,1,20
2025-04-29,3,822,837,1063,1.59,473,0.24,15,44,1,2,40
2025-05-23,1,817,835,1615,1.92,419,0.14,23,98,1,4,49
2025-03-23,5,416,574,3921,2.03,239,0.25,35,43,5,2,0
2025-05-07,5,227,509,280,1.68,195,0.17,22,6,1,5,0
2025-08-15,1,238,392,4320,2.1,393,0.16,44,31,9,10,0
2025-12-31,1,285,385,3399,1.95,402,0.22,12,62,6,6,22
2025-01-30,4,180,536,1882,2.44,287,0.29,45,74,4,5,0
2025-11-22,3,146,448,3535,1.98,415,0.27,47,29,12,11,0
2025-09-04,3,526,567,3161,1.56,17,0.23,18,80,4,0,34
2025-10-02,1,709,916,523,2.15,62,0.16,6,80,0,1,55
2025-03-26,3,140,561,4647,2.0,462,0.27,17,4,17,12,0
2025-12-06,5,290,430,4753,2.07,213,0.23,39,4,8,3,0
2025-07-14,5,205,562,2107,1.89,446,0.19,14,54,5,11,14
2025-06-19,5,338,513,1296,2.4,139,0.12,49,36,2,3,0
2025-08-06,4,203,322,2934,2.28,426,0.15,13,8,6,14,0
2025-04-24,3,787,940,2100,2.19,46,0.14,24,29,1,0,24
2025-05-22,3,251,736,4113,2.39,311,0.18,42,15,7,7,0
2025-12-16,2,482,865,2087,2.47,482,0.17,13,56,2,6,29
2025-01-18,5,515,588,3013,2.34,219,0.29,30,49,3,1,11
2025-02-23,1,898,911,552,2.35,275,0.11,18,49,0,3,42
2025-04-02,2,140,515,2525,2.11,456,0.11,22,26,9,30,0
2025-04-01,2,510,723,3479,1.72,78,0.25,10,38,4,1,27
2025-05-29,3,647,789,4284,2.1,12,0.13,39,12,3,0,0
2025-09-22,3,443,869,1822,2.18,366,0.19,12,16,2,4,15
2025-08-18,2,205,509,174,1.74,227,0.26,45,46,0,4,0
2025-09-03,2,185,380,1037,2.43,152,0.16,30,61,2,5,0
2025-12-09,5,529,653,325,2.48,171,0.25,24,46,0,1,17
2025-02-07,4,365,962,899,2.41,434,0.11,44,75,1,11,0
2025-09-23,4,522,914,3517,2.39,43,0.22,46,81,3,0,7
2026-01-01,3,230,323,4689,1.61,121,0.12,8,98,13,4,35
2025-09-12,4,554,669,4297,1.8,275,0.22,5,99,4,2,55
2025-06-03,5,125,598,1419,1.98,425,0.21,14,18,6,16,0
2025-03-20,1,557,837,4208,2.15,388,0.26,15,93,4,3,43
2025-01-12,4,548,783,2211,1.94,154,0.15,22,90,2,2,35
2025-12-03,4,728,760,3123,2.36,310,0.28,46,43,2,2,4
2025-06-17,5,261,416,1127,1.93,343,0.12,18,26,2,11,3
2025-01-29,2,538,595,3821,1.54,92,0.25,30,74,5,1,20
2025-12-03,1,264,980,253,2.47,288,0.26,48,32,0,4,0
2025-07-11,3,574,960,734,2.21,444,0.27,5,50,1,3,39
2025-04-11,4,200,472,2665,1.61,338,0.16,15,66,8,11,17
2025-11-09,1,572,722,3603,1.61,287,0.17,23,15,4,3,10
2025-12-04,4,475,541,3150,1.81,98,0.16,6,42,4,1,31
2025-08-14,4,492,589,3945,1.92,228,0.24,29,5,4,2,0
2025-07-07,5,444,549,4627,1.72,363,0.11,13,28,6,7,18
2025-10-30,4,177,955,4416,1.55,429,0.17,36,83,16,14,0
2025-03-31,4,133,496,3210,1.9,452,0.29,14,7,13,12,0
2025-12-09,4,175,499,3284,2.15,268,0.24,45,89,9,6,0
2025-01-09,1,664,731,4270,2.47,44,0.12,26,69,3,1,30
2025-11-19,3,103,388,4850,2.05,236,0.28,36,86,23,8,0
2025-05-08,2,262,363,3762,1.77,138,0.19,5,0,8,3,8
2025-04-22,1,422,726,313,2.28,334,0.19,42,35,0,4,0
2025-09-19,5,531,775,939,1.54,266,0.24,34,83,1,2,19
2025-12-18,1,614,615,3987,2.05,440,0.29,32,39,3,2,11
2025-08-31,1,381,641,1625,2.45,134,0.23,50,55,2,2,0
2025-06-21,5,264,444,1243,1.54,86,0.15,29,23,3,2,0
2025-02-21,2,231,536,4299,1.98,238,0.25,20,20,9,4,0
2025-06-20,4,482,824,2733,2.09,278,0.18,45,41,3,3,0
2025-07-12,5,153,835,3474,2.14,294,0.12,18,67,11,16,11
2025-08-01,3,428,888,2424,1.9,226,0.27,26,99,3,2,28
2025-03-31,2,176,667,2328,1.77,419,0.25,43,37,7,10,0
2025-11-26,5,288,360,438,1.72,208,0.13,44,94,1,6,1
2025-11-29,5,269,527,722,1.96,310,0.23,50,63,1,5,0
2025-11-10,3,421,783,2526,1.66,112,0.23,32,24,4,1,0
2025-06-21,5,193,531,1349,1.84,440,0.28,42,61,4,8,0
2025-05-15,3,227,547,247,2.38,421,0.28,25,70,0,7,9
2025-09-19,4,581,583,1356,2.45,82,0.25,29,89,1,1,29
2025-12-25,2,463,852,2736,2.02,216,0.13,28,99,3,4,28
2025-12-19,5,313,499,1758,1.78,8,0.13,10,37,3,0,17
2025-05-01,1,518,991,3422,1.92,497,0.18,46,77,3,5,4
2025-11-16,1,924,951,78,2.16,453,0.24,26,64,0,2,41
2025-03-06,1,207,824,2438,1.57,165,0.15,16,35,8,5,5
2025-07-21,5,646,923,3288,2.28,220,0.29,41,24,2,1,0
2025-04-06,2,407,483,2287,1.97,290,0.12,34,2,3,6,0
2025-11-10,1,495,676,901,2.32,135,0.22,42,36,1,1,0
2025-02-13,3,454,482,1232,2.19,356,0.22,23,28,1,4,8
2025-07-02,3,300,590,825,1.69,472,0.23,19,0,2,7,0
2025-09-21,2,470,577,4831,1.61,447,0.25,11,44,6,4,26
2025-06-23,4,769,925,1663,1.66,20,0.18,11,85,1,0,55
2025-05-21,2,479,957,866,2.37,195,0.19,24,19,1,2,5
2025-03-26,2,247,412,472,1.7,446,0.3,17,66,1,6,17
2025-07-13,3,213,540,1216,1.7,75,0.12,38,81,3,3,0
2025-12-14,4,381,468,2242,2.17,427,0.23,16,58,3,5,22
2025-05-16,5,434,520,4148,1.57,296,0.14,5,8,6,5,18
2025-08-20,4,193,336,1883,2.43,391,0.12,32,5,4,17,0
2025-05-29,2,231,370,2264,1.63,402,0.16,48,31,6,11,0
2025-11-15,1,647,942,1412,1.69,19,0.23,24,17,1,0,13
2025-12-23,2,271,705,4633,2.43,343,0.26,34,32,7,5,0
2025-12-23,2,441,650,3624,2.11,311,0.22,46,77,4,3,1
2025-07-01,5,714,878,710,1.81,124,0.27,38,96,1,1,29
2025-02-05,1,508,636,1779,2.08,315,0.12,48,7,2,5,0
2025-09-09,1,277,372,974,2.1,3,0.25,49,26,2,0,0
2025-07-03,3,115,488,1485,1.81,487,0.18,47,97,7,24,0
2025-04-08,2,340,468,4734,2.46,7,0.29,22,3,6,0,0
2025-02-09,4,548,663,3256,1.59,295,0.27,7,20,4,2,26
2025-07-10,1,462,496,2695,1.64,434,0.23,22,17,4,4,6
2025-04-19,5,355,819,3298,1.83,90,0.19,9,74,5,1,32
2025-04-25,2,652,882,3243,2.41,357,0.23,48,64,2,2,5
2025-11-29,1,833,848,4060,2.2,487,0.22,30,63,2,3,32
2025-06-24,4,413,679,2146,1.56,297,0.26,14,52,3,3,23
2025-09-17,2,304,793,3565,1.67,192,0.19,15,22,7,3,7
2025-10-14,4,303,893,1138,2.34,419,0.2,45,20,2,7,0
2025-12-19,2,566,801,4809,1.89,463,0.2,13,73,4,4,39
2025-02-01,5,499,504,3467,2.04,260,0.26,50,69,3,2,0
2025-12-21,2,165,865,1154,1.52,156,0.24,40,91,5,4,0
2025-12-20,4,847,850,1575,1.76,220,0.2,39,80,1,1,29
2025-09-02,3,441,820,4980,1.62,444,0.1,39,96,7,10,15
2025-07-11,4,845,885,3538,1.85,60,0.17,47,0,2,0,0
2025-07-22,4,127,398,3933,1.8,174,0.13,23,78,17,11,9
2025-05-03,1,236,736,939,1.89,236,0.11,29,50,2,9,0
2025-02-20,2,466,526,707,1.99,357,0.12,17,34,1,6,17
2025-08-27,3,163,446,3128,2.01,338,0.14,49,85,10,15,0
2025-02-13,1,425,548,4463,2.29,128,0.13,50,6,5,2,0
2025-02-13,1,566,726,93,1.71,8,0.28,27,98,0,0,33
2025-07-21,5,104,761,3698,1.54,267,0.23,21,78,23,11,10
2025-11-07,1,380,910,587,1.67,444,0.12,27,12,1,10,0
2025-07-18,3,448,478,2684,2.43,204,0.17,28,48,2,3,10
2025-11-30,5,171,488,3328,1.77,136,0.2,24,6,11,4,0
2025-11-06,4,101,386,705,2.19,206,0.29,28,69,3,7,0
2025-03-18,5,174,588,2663,2.08,45,0.11,13,14,7,2,0
2025-10-09,1,211,399,1224,1.81,195,0.26,15,28,3,4,4
2025-02-12,5,147,563,1043,2.1,490,0.27,7,11,3,12,3
2025-10-23,1,172,611,3916,2.0,439,0.25,11,21,11,10,4
2025-01-14,4,121,434,3033,1.62,119,0.24,7,100,15,4,32
2025-01-26,1,611,855,4557,1.67,214,0.29,20,18,4,1,16
2025-06-01,4,298,744,765,2.03,345,0.26,49,16,1,4,0
2025-12-04,1,323,367,194,1.98,402,0.19,33,53,0,7,0
2025-04-23,1,493,693,409,1.73,377,0.15,16,30,0,5,18
2025-06-28,1,210,646,983,1.55,220,0.1,12,34,3,10,9
2025-09-14,3,205,882,1881,2.06,283,0.26,37,0,4,5,0
2025-01-20,4,101,406,1884,1.67,220,0.28,36,93,11,8,0
2025-07-28,3,109,441,4024,1.76,354,0.25,6,46,21,13,14
2025-06-05,2,336,668,2808,2.19,203,0.12,41,86,4,5,3
2025-03-17,1,625,998,4286,2.1,214,0.14,24,88,3,2,36
2025-03-05,2,762,916,2587,2.03,474,0.15,49,23,2,4,0
2025-10-31,4,634,726,49,2.31,486,0.14,44,15,0,5,0
2025-06-03,5,484,565,488,1.72,209,0.2,29,51,1,2,12
2025-07-29,1,336,533,4238,1.6,135,0.19,23,43,8,2,7
2025-05-28,5,490,806,1812,2.08,125,0.28,19,76,2,1,30
2025-11-27,5,365,863,3619,1.99,389,0.18,49,37,5,6,0
2025-07-31,1,348,681,1438,2.08,132,0.17,5,44,2,2,26
2025-08-03,4,178,532,3633,1.56,268,0.18,30,58,13,8,0
2025-04-09,5,199,341,2933,2.23,465,0.19,17,4,7,12,0
2025-12-05,3,167,473,4278,2.31,3,0.21,14,76,11,0,19
2025-10-30,3,383,537,2114,1.9,356,0.26,5,6,3,4,16
2025-03-14,2,597,893,2298,2.12,70,0.25,38,30,2,0,1
2025-11-07,5,487,909,4734,2.38,46,0.14,30,77,4,1,19
2025-03-09,5,147,608,2000,2.21,101,0.1,43,31,6,7,0
2025-03-25,1,312,491,3756,1.75,117,0.22,22,14,7,2,0
2025-05-11,5,439,476,822,1.61,495,0.18,12,58,1,6,28
2025-10-16,5,184,970,3302,1.93,493,0.15,21,36,9,18,0
2025-03-09,5,238,563,1794,2.05,194,0.21,22,37,4,4,1
2025-12-08,1,120,372,2775,1.83,483,0.23,22,72,13,18,8
2025-11-09,3,312,329,1809,2.23,334,0.28,28,83,3,4,14
2025-08-23,4,705,807,4797,2.4,77,0.28,10,59,3,0,44
2025-03-29,4,138,366,573,2.39,137,0.2,28,12,2,5,0
2025-01-12,4,275,577,4289,1.7,307,0.17,11,2,9,7,2
2025-12-22,5,858,904,1661,2.35,417,0.29,9,35,1,2,44
2025-12-16,2,442,652,3270,2.3,10,0.14,23,82,3,0,26
2025-03-21,4,281,310,4994,1.92,0,0.12,46,77,9,0,0
2025-05-15,2,226,327,95,1.84,55,0.11,49,24,0,2,0
2025-12-12,5,106,451,4520,1.79,179,0.21,5,13,24,8,4
2025-04-29,1,382,482,1878,2.14,246,0.22,40,7,2,3,0
2025-05-20,2,167,427,1223,1.95,456,0.26,11,72,4,11,21
2025-05-23,3,378,792,4069,2.0,372,0.13,26,13,5,8,0
2025-11-14,5,345,447,3613,2.48,123,0.23,10,74,4,2,31
2025-08-28,5,150,867,2871,2.34,337,0.29,22,31,8,8,0
2025-03-24,4,245,769,3216,2.05,475,0.17,32,27,6,11,0
2025-12-19,3,384,720,1322,2.18,343,0.24,34,41,2,4,0
2025-11-14,5,399,758,2124,2.04,278,0.2,15,50,3,3,20
2025-11-10,1,154,302,3669,1.71,455,0.1,16,85,14,30,19
2025-12-18,3,238,707,3745,1.78,297,0.11,28,84,9,11,11
2025-06-20,3,124,734,4184,2.18,127,0.21,12,89,15,5,23
2025-10-13,5,552,748,4620,1.59,298,0.17,49,99,5,3,11
2025-04-15,5,979,987,1322,1.92,332,0.23,12,96,1,1,68
2025-06-29,1,217,375,677,1.59,113,0.11,50,9,2,5,0
2025-03-31,5,710,948,3355,1.6,205,0.23,17,81,3,1,45
2025-01-13,1,369,453,1602,1.81,363,0.15,19,52,2,7,16
2025-05-05,1,238,370,2677,1.94,52,0.3,39,75,6,1,0
2025-06-10,4,797,929,1848,2.44,394,0.25,8,14,1,2,35
2025-12-19,4,347,516,1686,2.07,464,0.24,46,41,2,6,0
2025-08-15,2,272,798,4481,1.91,45,0.15,47,59,9,1,0
2025-02-03,2,142,469,2619,2.05,8,0.29,46,38,9,0,0
2025-10-14,4,273,878,3457,1.5,302,0.15,25,40,8,7,1
2025-04-25,2,110,719,4272,1.62,280,0.19,6,59,24,13,18
2025-05-28,1,180,806,2739,1.93,73,0.19,50,83,8,2,0
2025-05-08,5,654,700,2689,2.29,50,0.29,37,57,2,0,14
2025-02-27,1,206,329,1150,2.24,305,0.17,40,56,2,9,0
2025-12-31,2,302,852,2901,2.26,450,0.16,23,11,4,9,0
2025-06-04,1,220,895,2204,1.56,409,0.11,39,35,6,17,0
2025-06-10,4,677,901,3740,2.07,117,0.15,21,43,3,1,26
2025-09-04,1,548,766,2840,1.93,228,0.18,26,32,3,2,11
2025-08-31,2,626,963,3335,2.12,25,0.16,18,52,3,0,30
2025-05-27,1,441,462,3618,1.57,118,0.12,35,79,5,2,13
2025-08-15,2,355,750,4987,2.28,63,0.2,27,100,6,1,23
2025-06-11,5,278,880,2165,2.37,401,0.2,12,51,3,7,18
2025-01-20,3,362,501,628,1.89,67,0.28,36,70,1,1,5
2025-09-23,3,575,924,627,2.32,372,0.21,14,85,0,3,42
2025-12-26,4,428,972,2521,1.79,310,0.1,49,33,3,7,0
2025-12-23,2,210,489,4606,1.9,163,0.17,17,21,12,5,0
2025-01-08,1,398,747,323,1.72,132,0.25,38,17,0,1,0
2025-04-20,3,423,610,3069,2.1,33,0.12,19,30,3,1,12
2025-07-17,3,470,672,4,2.12,471,0.13,27,39,0,8,9
2025-05-05,1,136,650,352,2.39,219,0.2,23,28,1,8,0
2025-05-07,1,378,384,1481,2.38,134,0.21,42,0,2,2,0
2025-11-12,2,211,562,4598,1.57,75,0.14,44,34,14,3,0
2025-08-22,4,704,968,2429,1.68,31,0.21,6,87,2,0,58
2025-10-31,2,193,989,3218,2.49,475,0.25,35,69,7,10,0
2025-11-26,3,459,634,4485,1.66,39,0.28,16,49,6,0,22
2025-09-13,5,326,992,2919,1.65,207,0.19,40,91,5,3,6
2025-09-30,3,206,373,2251,2.15,382,0.24,37,86,5,8,1
2025-12-03,1,316,418,2572,2.45,415,0.3,34,9,3,4,0
2025-01-08,1,438,945,2701,2.5,27,0.23,29,100,2,0,25
2025-04-15,2,104,953,2119,1.77,57,0.24,38,66,12,2,0
2025-10-12,4,356,759,1652,2.09,397,0.24,21,65,2,5,17
2025-11-14,2,511,610,3749,1.97,309,0.22,16,24,4,3,17
2025-09-19,2,294,511,1893,1.95,410,0.25,29,26,3,6,0
2025-10-27,1,172,460,1503,1.64,485,0.27,44,41,5,10,0
2025-01-07,5,718,828,2889,2.39,44,0.11,13,69,2,1,45
2025-12-31,1,212,309,768,2.45,337,0.28,48,28,1,6,0
2025-11-28,1,309,864,981,1.69,156,0.26,33,58,2,2,1
2025-04-27,2,248,926,718,2.18,166,0.16,34,51,1,4,0
2025-06-29,5,138,433,2482,2.17,49,0.29,45,21,8,1,0
2025-03-12,2,346,759,473,1.72,156,0.23,13,31,1,2,14
2025-02-11,3,336,946,1765,2.11,49,0.18,7,64,2,1,30
2025-05-20,2,384,427,3565,2.34,476,0.28,38,42,4,4,0
2025-01-14,1,113,454,470,2.35,498,0.16,40,12,2,28,0
2025-01-10,4,565,664,1914,1.97,6,0.16,50,90,2,0,8
2025-05-16,5,139,782,2612,2.37,330,0.23,14,83,8,10,19
2025-06-13,4,178,708,3464,1.78,324,0.22,30,17,11,8,0
2025-10-31,5,745,951,1087,2.5,187,0.16,45,48,1,2,8
2025-12-28,1,355,547,2486,1.54,76,0.23,21,17,5,1,1
2025-07-22,1,224,936,4325,2.25,296,0.28,44,50,9,5,0
2025-04-11,1,127,897,895,1.65,110,0.12,32,1,4,7,0
2025-09-26,5,220,637,1503,2.35,277,0.29,46,9,3,4,0
2025-02-05,2,589,687,1443,2.24,225,0.28,50,70,1,1,2
2025-01-29,1,453,845,1212,2.19,452,0.24,40,5,1,4,0
2025-12-18,5,127,361,3498,2.27,40,0.18,13,70,12,2,16
2025-06-02,3,662,978,1048,1.76,129,0.21,40,49,1,1,9
2025-11-22,3,213,313,3633,1.76,278,0.22,5,28,10,6,14
2025-02-27,2,125,592,261,1.56,12,0.14,23,75,1,1,8
2025-08-14,1,744,961,3722,2.08,1,0.28,48,25,2,0,0
2025-10-04,4,123,950,1853,1.9,355,0.29,37,33,8,10,0
2025-07-24,2,635,896,1645,1.69,453,0.11,28,84,2,6,31
2025-07-11,5,288,537,4496,1.71,167,0.3,44,68,9,2,0
2025-09-07,3,810,862,1568,2.13,215,0.16,17,65,1,2,44
2025-01-28,4,337,490,2272,1.78,60,0.23,31,86,4,1,13
2025-06-04,5,193,386,3026,2.46,194,0.24,28,8,6,4,0
2025-04-11,4,229,878,3167,2.26,369,0.25,18,98,6,6,25
2025-03-14,5,648,745,1991,1.95,311,0.12,27,62,2,4,25
2025-09-04,2,448,690,193,1.93,345,0.21,15,47,0,4,22
2025-05-23,2,610,740,190,1.87,445,0.11,48,81,0,7,9
2025-01-10,4,317,764,4748,2.14,43,0.28,39,40,7,0,0
2025-06-24,1,409,734,2882,2.37,493,0.27,42,51,3,4,0
2025-12-04,2,364,783,4286,1.95,150,0.25,43,17,6,2,0
2025-11-03,5,165,341,1586,1.61,309,0.13,25,46,6,14,0
2025-11-17,4,265,315,4003,1.7,163,0.12,9,3,9,5,5
2025-12-15,4,313,499,662,1.7,431,0.11,17,69,1,13,21
2025-12-17,2,176,449,587,1.83,268,0.13,40,71,2,12,0
2025-12-10,3,864,983,2520,1.87,263,0.28,23,27,2,1,29
2025-03-29,5,238,424,2542,1.58,428,0.21,18,45,7,9,8
2025-04-29,4,461,612,1956,1.78,441,0.26,39,65,2,4,5
2025-03-20,2,874,878,3643,2.15,132,0.13,41,65,2,1,23
2025-10-24,2,271,314,3103,1.8,456,0.15,19,4,6,11,0
2025-05-27,5,362,666,3843,1.76,190,0.11,28,81,6,5,17
2025-06-05,3,390,686,1464,1.6,60,0.16,30,100,2,1,22
2025-05-03,1,443,488,2918,1.79,291,0.23,35,61,4,3,7
2025-10-13,4,460,605,4018,1.55,68,0.24,7,19,6,1,22
2025-02-22,3,513,794,650,2.43,485,0.1,47,74,1,9,2
2025-09-30,1,545,968,4520,1.96,341,0.27,21,54,4,2,24
2025-01-21,3,131,370,4902,1.81,398,0.12,11,32,21,25,5
2025-03-18,2,690,825,2880,2.22,56,0.2,28,6,2,0,8
2025-03-17,5,440,857,1007,2.36,288,0.23,49,68,1,3,0
2025-06-22,1,371,371,3830,2.31,275,0.24,50,15,4,3,0
2025-08-07,2,694,753,1916,2.1,41,0.17,35,72,1,0,23
2025-10-31,4,177,477,2389,2.02,162,0.25,39,84,7,4,0
2025-11-11,3,121,618,2666,1.65,497,0.25,33,7,13,16,0
2025-08-24,3,421,995,3625,2.19,378,0.22,7,60,4,4,34
2025-08-27,1,821,838,4674,2.17,481,0.22,25,46,3,3,31
2025-06-11,3,667,733,671,2.38,390,0.23,20,5,0,3,14
2025-11-19,5,356,926,3030,2.35,4,0.19,27,14,4,0,0
2025-01-14,1,286,817,1606,1.63,199,0.11,36,82,3,6,5
2025-06-11,2,179,994,1188,2.4,330,0.24,21,98,3,8,19
2025-11-27,2,570,724,2460,2.23,496,0.16,5,94,2,5,54
2025-04-09,1,199,850,3141,1.51,403,0.2,34,88,10,10,4
2025-04-06,2,455,557,404,1.98,149,0.25,45,11,0,1,0
2025-07-21,3,424,797,1739,1.82,456,0.17,41,61,2,6,0
2025-07-18,3,190,514,664,1.99,186,0.25,17,2,2,4,0
2025-10-22,2,255,336,3553,2.17,240,0.17,41,25,6,6,0
2025-01-30,5,113,884,4781,2.4,175,0.13,31,84,18,12,2
2025-07-07,1,158,987,1065,2.25,146,0.18,30,8,3,5,0
2025-07-13,1,154,361,3838,2.29,407,0.21,16,34,11,13,2
2025-11-17,1,318,523,1334,2.01,109,0.16,47,86,2,2,0
2025-06-02,3,102,668,616,2.01,177,0.27,6,78,3,6,25
2025-02-17,1,551,731,2220,2.48,297,0.15,40,84,2,4,15
2025-06-05,4,132,681,3193,1.68,60,0.11,35,42,14,4,0
2025-05-28,4,342,413,1712,2.5,129,0.25,19,16,2,2,3
2025-12-17,5,156,649,738,2.44,470,0.19,46,71,2,16,0
2025-12-07,4,511,597,232,1.79,18,0.27,15,70,0,0,33
2025-01-29,1,110,389,2680,1.53,441,0.27,10,35,16,15,6
2025-04-03,2,559,568,1371,1.66,39,0.11,10,85,1,1,45
2025-11-30,1,210,421,106,2.21,124,0.23,33,73,0,3,1
2025-10-29,4,573,870,2487,2.1,72,0.29,37,85,2,0,19
2025-01-01,1,259,546,4218,1.73,90,0.27,8,50,9,1,20
2025-05-31,1,311,498,1992,2.19,410,0.15,7,57,3,9,27
2025-03-01,5,224,825,2344,2.14,81,0.28,26,5,5,1,0
2025-08-03,3,196,667,3951,1.6,11,0.28,43,5,13,0,0
2025-04-27,2,311,488,3584,1.99,478,0.28,41,60,6,5,0
2025-12-06,2,440,464,269,1.6,205,0.14,45,88,0,3,6
2025-05-12,2,957,979,1471,1.98,236,0.21,48,4,1,1,0
2025-09-21,2,235,639,803,2.11,323,0.14,5,95,2,10,37
2025-01-05,5,655,969,1900,2.04,467,0.25,11,33,1,3,32
2025-09-05,4,352,519,4100,1.63,486,0.12,18,9,7,12,2
2025-02-06,2,753,779,3459,1.91,47,0.16,5,81,2,0,59
2025-10-09,5,272,572,630,2.3,110,0.15,23,48,1,3,6
2025-04-11,1,341,639,3764,1.57,349,0.28,42,50,7,4,0
2025-02-13,2,360,763,1808,1.99,285,0.27,37,11,3,3,0
2025-03-12,4,379,476,601,1.83,381,0.11,6,17,1,9,17
2025-11-17,3,302,774,4126,1.75,217,0.12,9,38,8,6,18
2025-02-25,2,402,531,1541,2.27,62,0.27,22,15,2,1,3
2025-04-27,2,380,845,415,1.57,146,0.24,7,9,1,2,15
2025-09-27,2,716,811,1404,1.64,151,0.21,31,4,1,1,5
2025-01-04,4,625,648,2492,2.28,257,0.21,49,39,2,2,0
2025-08-03,2,306,600,3688,1.59,413,0.22,5,4,8,6,11
2025-11-14,2,265,945,2760,1.9,355,0.16,7,3,5,8,7
2025-07-07,3,677,801,3581,2.24,479,0.23,49,34,2,3,0
2025-09-13,3,190,506,4050,1.88,303,0.17,16,92,11,9,23
2025-08-27,1,388,682,3429,1.81,30,0.13,23,28,5,1,5
2025-02-02,4,461,683,3640,2.12,390,0.11,27,17,4,8,1
2025-11-14,1,397,449,3101,2.19,176,0.16,46,43,4,3,0
2025-03-17,1,176,874,819,1.53,250,0.29,6,76,3,5,27
2025-02-20,5,582,645,4849,1.63,253,0.15,37,60,5,3,12
2025-04-14,5,176,758,97,2.05,150,0.15,49,37,0,6,0
2025-08-05,3,741,747,355,1.75,122,0.14,10,71,0,1,50
2025-02-18,2,311,652,312,2.41,233,0.14,47,19,0,5,0
2025-05-16,5,530,986,3016,1.73,219,0.2,30,35,3,2,7
2025-04-15,2,211,362,3452,1.68,36,0.29,49,86,10,1,0
2025-09-10,1,353,928,746,2.15,483,0.16,40,68,1,9,0
2025-03-10,2,111,900,3901,1.72,317,0.16,19,98,20,18,18
2025-10-02,1,265,947,4195,2.04,454,0.14,38,40,8,12,0
2025-11-26,4,203,444,1088,1.79,394,0.26,29,37,3,7,0
2025-10-05,3,276,444,3444,1.87,249,0.25,5,55,7,4,26
2025-08-05,3,404,433,2221,1.9,214,0.19,7,73,3,3,37
2025-05-31,5,739,774,2429,1.92,289,0.29,10,62,2,1,46
2025-12-23,5,340,567,65,2.16,124,0.26,18,1,0,1,0
2025-07-17,3,414,987,2382,2.19,364,0.3,27,52,3,3,10
2025-12-30,4,360,839,1914,1.64,233,0.14,9,50,3,5,25
2025-05-09,4,589,645,3562,1.92,144,0.15,10,23,3,2,26
2025-03-04,1,228,384,14,2.34,416,0.15,7,43,0,12,18
2025-10-27,5,608,608,3128,1.75,113,0.25,16,98,3,1,46
2025-02-18,4,197,357,2472,2.23,97,0.11,15,80,6,4,20
2025-02-08,1,238,584,2741,2.34,288,0.2,41,93,5,6,1
2025-10-01,1,280,391,1343,2.22,386,0.11,26,49,2,13,4
2025-07-16,3,238,674,1496,1.56,319,0.29,49,39,4,5,0
2025-01-30,3,483,535,1616,1.5,236,0.24,47,56,2,2,0
2025-11-15,2,538,602,3351,2.15,286,0.23,36,54,3,2,8
2025-05-04,4,441,928,675,2.02,339,0.18,33,5,1,4,0
2025-05-12,5,459,595,3555,2.02,150,0.17,46,8,4,2,0
2025-12-01,2,193,838,4540,1.63,277,0.3,9,33,14,5,11
2025-07-29,4,294,523,3880,2.4,434,0.18,50,50,5,8,0
2025-03-18,1,598,999,991,2.2,322,0.27,41,87,1,2,17
2025-03-08,3,696,903,1619,2.18,142,0.21,7,54,1,1,45
2025-02-06,2,218,322,3054,2.08,24,0.11,5,87,7,1,34
2025-06-25,4,231,548,4290,2.43,371,0.13,48,98,8,12,0
2025-05-05,2,353,830,333,2.25,395,0.29,10,32,0,4,17
2025-06-10,3,270,862,4309,1.5,207,0.18,9,92,11,4,34
2025-01-19,3,173,866,405,2.13,33,0.12,47,16,1,2,0
2025-05-12,4,537,605,222,2.25,373,0.25,27,7,0,3,1
2025-01-07,3,508,994,3395,1.61,442,0.1,44,83,4,9,8
2025-04-16,5,161,305,616,2.27,468,0.24,22,49,2,12,2
2025-07-10,3,540,721,2784,1.88,449,0.13,9,25,3,6,26
2025-07-22,2,636,752,4487,1.85,295,0.12,19,68,4,4,34
2025-04-29,3,306,648,1176,2.33,255,0.21,44,10,2,4,0
2025-07-29,5,543,946,1847,1.62,210,0.15,28,64,2,3,20
2025-04-13,2,200,327,4843,1.59,216,0.29,21,32,15,4,0
2025-01-21,2,372,774,4803,2.27,372,0.17,21,13,6,6,1
2025-06-05,5,140,468,2494,2.08,365,0.19,26,5,9,14,0
2025-03-17,1,272,910,1176,1.79,145,0.3,29,42,2,2,0
2025-06-01,5,320,321,795,1.66,368,0.24,28,76,1,5,13
2025-07-14,1,282,758,3619,1.78,58,0.16,25,65,7,1,10
2025-01-28,3,444,778,4479,1.52,340,0.29,37,0,7,3,0
2025-06-16,2,115,567,1815,1.81,397,0.26,16,88,9,13,18
2025-10-17,5,709,758,752,2.22,62,0.17,35,80,0,1,26
2025-12-30,3,186,448,4505,2.18,161,0.29,15,62,11,3,14
2025-09-22,2,612,870,1467,2.41,134,0.11,30,9,1,2,3
2025-02-10,5,590,863,2090,1.92,456,0.18,43,64,2,4,7
2025-10-28,1,480,764,4198,2.39,317,0.18,17,54,4,4,25
2025-11-14,5,174,629,2717,1.62,294,0.27,22,69,10,6,9
2025-12-11,4,473,819,1503,1.84,134,0.16,37,30,2,2,0
2025-11-18,5,153,914,3463,2.14,254,0.21,42,73,11,8,0
2025-03-30,3,477,494,4709,2.45,426,0.11,46,22,4,8,0
2025-09-01,5,640,885,4327,1.82,67,0.21,39,38,4,0,5
2025-11-23,4,384,500,4261,1.72,343,0.11,10,64,6,8,30
2025-11-18,4,591,652,2118,2.46,380,0.24,36,8,1,3,0
2025-03-24,3,483,518,4887,2.43,391,0.21,15,97,4,4,41
2025-10-12,2,783,895,2750,1.61,9,0.19,16,35,2,0,34
2025-07-26,2,132,647,3784,2.49,144,0.3,12,5,12,4,0
2025-12-06,3,554,580,397,1.85,96,0.17,32,50,0,1,11
2025-03-31,3,378,426,718,1.79,265,0.11,6,80,1,6,38
2025-05-30,4,153,395,3679,2.31,440,0.12,16,92,10,24,21
2025-04-25,5,334,410,4606,2.12,179,0.19,24,54,7,3,10
2025-08-17,4,157,853,3568,2.0,126,0.22,24,99,11,4,16
2025-05-13,3,222,875,3725,2.29,382,0.22,49,83,7,8,0
2025-06-30,3,337,643,4534,2.15,432,0.16,50,26,6,8,0
2025-07-16,4,197,492,1999,2.34,478,0.28,10,9,4,9,2
2025-03-19,2,775,872,3795,1.81,210,0.12,41,51,3,2,14
2025-06-19,5,726,835,3782,1.76,335,0.26,28,62,3,2,28
2025-11-13,5,130,714,1652,1.81,471,0.26,27,12,7,14,0
2025-10-24,5,654,905,3977,1.85,118,0.26,44,22,3,1,0
2025-10-24,4,231,312,596,1.65,207,0.2,17,21,2,4,1
2025-04-05,2,259,384,2626,1.92,149,0.1,5,78,5,6,33
2025-06-07,4,410,881,3646,2.09,121,0.28,14,7,4,1,8
2025-11-26,1,277,342,1890,1.52,40,0.15,5,48,4,1,24
2025-09-19,2,230,824,88,1.84,166,0.19,45,33,0,4,0
2025-09-30,1,196,307,4461,1.85,459,0.13,16,4,12,18,0
2025-11-20,4,247,578,2415,1.89,255,0.28,15,82,5,4,24
2025-07-20,3,222,602,3807,1.92,141,0.29,13,75,9,2,23
2025-11-01,5,189,307,2200,1.88,154,0.29,21,72,6,3,12
2025-02-27,2,498,738,1593,1.95,124,0.27,36,42,2,1,2
2025-06-29,4,144,994,3293,1.68,98,0.11,50,7,14,6,0
2025-10-08,2,908,974,3528,1.96,8,0.29,38,20,2,0,13
2025-11-25,3,255,655,2828,1.58,273,0.29,8,95,7,4,35
2025-10-11,2,373,677,4518,2.27,249,0.21,35,3,5,3,0
2025-11-14,4,451,968,276,1.7,375,0.27,17,47,0,3,20
2025-09-24,4,423,822,3577,2.1,128,0.19,11,46,4,2,25
2025-11-13,4,787,809,848,1.58,67,0.19,17,2,1,0,22
2025-06-29,3,323,455,2352,1.56,362,0.28,39,42,5,4,0
2025-10-07,5,189,622,2950,2.22,154,0.28,34,69,7,3,0
2025-09-02,2,366,458,1339,2.12,156,0.17,41,44,2,3,0
2025-04-06,3,203,316,143,1.58,62,0.24,18,33,0,1,3
2025-08-09,1,333,709,878,2.41,132,0.21,12,40,1,2,17
2025-04-27,2,443,702,3995,1.56,57,0.19,44,91,6,1,8
2025-02-09,2,161,307,2426,1.85,174,0.17,40,15,8,6,0
2025-06-01,5,204,605,3829,1.78,260,0.26,7,44,11,5,17
2025-04-09,4,297,362,3871,2.4,290,0.3,37,9,5,3,0
2025-07-16,4,673,854,1683,1.99,6,0.13,21,47,1,0,27
2025-12-24,1,382,823,1302,2.13,261,0.26,46,53,2,3,0
2025-08-12,5,338,479,1676,1.95,437,0.25,15,98,3,5,33
2025-09-24,3,133,718,3367,1.92,312,0.22,37,48,13,11,0
2025-08-19,2,189,410,203,2.19,6,0.15,44,85,0,0,0
2025-12-05,2,331,358,436,1.77,314,0.12,35,88,1,8,10
2025-11-28,4,145,314,825,2.18,420,0.17,12,21,3,17,2
2025-07-05,1,447,588,1548,1.67,1,0.23,10,5,2,0,13
2025-05-13,3,554,770,1856,1.83,370,0.25,19,94,2,3,39
2025-02-15,4,586,795,1503,2.23,402,0.24,42,26,1,3,0
2025-02-10,2,508,516,4088,1.9,434,0.14,48,69,4,6,0
2025-10-18,1,152,306,1391,2.45,428,0.3,46,3,4,9,0
2025-07-20,2,338,779,695,1.6,73,0.18,20,67,1,1,18
2025-04-21,3,132,454,4447,2.2,138,0.11,24,22,15,10,0
2025-10-19,2,462,904,4381,1.83,400,0.27,45,29,5,3,0
2025-04-30,3,165,561,4510,1.71,196,0.23,22,82,16,5,13
2025-03-12,5,311,983,1978,2.02,392,0.18,7,92,3,7,38
2025-06-22,2,514,535,2838,1.68,94,0.19,29,24,3,1,4
2025-11-15,2,161,300,1567,1.78,182,0.22,8,25,5,5,8
2025-05-25,2,322,556,1719,2.3,427,0.2,17,69,2,7,22
2025-12-06,4,304,377,1985,2.0,117,0.22,9,90,3,2,36
2025-08-30,3,646,660,4974,2.13,494,0.23,48,57,4,3,3
2025-11-23,3,445,531,4062,2.33,337,0.24,18,39,4,3,17
2025-04-27,5,466,569,3430,1.97,352,0.22,33,85,4,3,18
2025-11-24,5,155,333,4049,1.69,484,0.24,13,72,15,13,18
2025-09-25,3,649,690,2351,1.66,322,0.22,14,96,2,2,50
2025-02-05,1,407,701,2389,2.39,47,0.19,37,100,2,1,16
2025-10-20,2,633,981,1101,1.84,478,0.22,34,71,1,3,20
2025-08-15,3,145,925,3675,1.73,261,0.14,33,25,15,13,0
2025-03-09,4,441,972,27,1.72,318,0.26,50,71,0,3,0
2025-08-29,3,587,703,4114,2.3,116,0.15,32,17,3,1,2
2025-08-25,3,459,884,4107,1.75,57,0.17,36,97,5,1,18
2025-12-27,2,335,488,4643,2.25,101,0.17,20,77,6,2,21
2025-07-26,2,239,532,4730,2.14,424,0.14,13,93,9,13,29
2025-02-28,1,333,586,4905,2.28,42,0.2,31,33,6,1,0
2025-07-06,2,346,932,10,2.27,219,0.2,50,72,0,3,0
2025-03-04,1,813,926,3793,2.43,349,0.2,30,87,2,2,39
2025-11-06,3,480,487,3668,2.28,336,0.21,24,66,3,3,22
2025-08-08,1,413,532,4006,2.28,247,0.24,35,60,4,2,5
2025-10-08,2,671,808,2167,2.27,164,0.23,6,53,1,1,44
2025-04-03,5,309,535,1160,1.7,353,0.23,45,35,2,5,0
2025-08-04,4,317,641,3221,1.87,87,0.22,22,19,5,1,0
2025-06-14,4,202,310,294,1.7,127,0.29,50,80,1,2,0
2025-11-14,2,418,474,1298,1.89,138,0.18,45,58,2,2,0
2025-03-21,3,247,849,1665,2.36,316,0.2,35,7,3,6,0
2025-10-23,3,770,923,4940,2.49,230,0.23,10,88,3,1,57
2025-03-30,5,674,942,415,1.76,37,0.12,11,93,0,0,53
2025-04-08,2,522,644,2820,2.4,169,0.28,28,79,2,1,24
2025-05-13,3,517,569,626,1.6,396,0.11,27,89,1,7,27
2025-05-17,3,394,408,3697,1.66,42,0.17,22,10,6,1,0
2025-12-08,1,951,985,3634,2.47,177,0.25,38,5,2,1,10
2025-12-13,1,315,645,2697,2.01,255,0.26,26,89,4,3,18
2025-06-01,5,450,664,356,2.46,56,0.13,6,19,0,1,22
2025-10-06,2,232,770,2333,1.79,35,0.2,37,99,6,1,7
2025-10-28,5,153,363,3826,1.76,371,0.2,23,83,14,12,11
2025-06-24,5,459,515,4028,1.63,260,0.25,42,80,5,2,6
2025-07-12,5,584,649,222,2.06,89,0.25,29,61,0,1,20
2025-10-20,1,540,786,529,2.31,412,0.22,28,40,0,3,12
2025-04-05,5,230,427,1521,2.02,50,0.15,25,49,3,1,2
2025-03-04,2,151,999,2474,1.83,282,0.25,7,36,9,7,12
2025-10-20,5,597,970,1511,2.35,453,0.21,30,27,1,4,8
2025-10-13,3,327,984,4575,1.61,7,0.12,44,15,9,0,0
2025-02-18,5,226,570,3630,1.52,482,0.27,48,9,11,8,0
2025-11-16,5,160,320,1848,2.31,327,0.1,7,10,5,20,4
2025-03-26,1,223,510,664,1.81,292,0.26,8,60,2,5,23
2025-05-12,1,135,906,1143,1.75,191,0.11,8,93,5,13,29
2025-04-26,3,339,462,1866,2.2,312,0.13,19,86,3,7,25
2025-05-22,3,131,419,1094,2.26,268,0.11,32,1,4,19,0
2025-04-07,3,589,800,686,2.15,493,0.17,28,69,1,5,24
2025-08-28,4,307,419,3515,1.57,216,0.21,33,92,7,3,12
2025-10-13,3,763,973,1700,1.81,214,0.23,7,6,1,1,33
2025-12-23,4,494,692,4903,1.71,462,0.15,45,84,6,6,7
2025-06-15,2,576,916,4716,1.85,210,0.19,42,12,4,2,0
2025-07-25,2,178,326,46,1.97,381,0.16,29,29,0,13,0
2025-06-21,1,174,346,941,1.96,364,0.18,21,79,3,12,13
2025-04-09,2,716,904,4592,2.43,122,0.13,36,66,3,1,21
2025-04-24,1,775,844,3749,2.31,392,0.26,23,27,2,2,24
2025-07-02,1,287,388,3162,1.55,62,0.19,20,30,7,1,4
2025-06-28,5,255,510,2658,2.27,201,0.25,35,70,5,3,0
2025-11-23,5,223,383,3659,1.99,203,0.24,41,55,8,4,0
2025-12-27,1,296,441,779,2.43,436,0.2,19,2,1,7,0
2025-10-17,4,114,503,1847,1.53,364,0.16,6,56,11,20,17
2025-03-26,5,515,873,827,1.97,17,0.14,25,20,1,0,6
2025-11-04,1,154,330,2971,2.14,464,0.2,13,54,9,15,12
2025-05-01,3,113,325,4167,2.0,88,0.29,13,65,18,3,13
2025-01-10,5,230,470,2163,1.77,147,0.29,43,42,5,2,0
2025-06-07,5,272,425,291,1.58,207,0.28,8,4,1,3,6
2025-09-25,3,268,436,1915,1.51,482,0.1,16,49,5,18,13
2025-11-04,5,197,682,1095,1.72,488,0.21,23,29,3,12,0
2025-11-29,2,204,805,4976,2.15,151,0.23,36,96,11,3,6
2025-07-03,4,403,403,2514,1.6,149,0.12,26,27,4,3,3
2025-03-03,4,218,559,21,1.69,123,0.27,8,0,0,2,2
2025-12-07,3,634,931,1809,1.74,356,0.18,26,46,2,3,20
2025-11-12,5,321,379,1473,2.36,307,0.13,10,76,2,7,31
2025-09-02,5,127,320,3679,1.8,47,0.17,15,15,16,2,0
2025-02-07,1,223,421,2384,2.34,234,0.28,49,98,5,4,0
2025-08-28,1,233,533,437,1.8,401,0.13,44,72,1,13,0
2025-01-29,5,741,881,1228,2.48,229,0.1,5,83,1,3,59
2025-03-07,4,371,758,4411,1.86,190,0.25,38,10,6,2,0
2025-02-20,3,546,721,4327,2.43,483,0.12,18,42,3,7,23
2025-12-25,5,350,375,224,1.56,116,0.21,41,1,0,2,0
2025-10-18,3,231,741,3832,2.07,240,0.11,26,72,8,9,9
2025-02-13,2,182,434,1197,1.76,497,0.12,21,22,4,23,0
2025-01-06,3,138,822,2122,2.48,163,0.12,46,83,6,10,0
2025-04-14,1,317,777,3213,1.93,7,0.12,12,54,5,0,21
2025-12-19,4,278,629,4156,2.23,258,0.2,15,62,7,5,18
2025-12-27,3,648,786,4045,2.49,68,0.27,6,26,3,0,34
2025-12-18,3,198,953,3714,2.11,331,0.22,13,31,9,8,6
2025-10-17,2,191,970,1198,1.91,210,0.3,10,52,3,4,16
2025-03-11,3,480,605,1829,1.95,139,0.18,25,44,2,2,13
2025-04-28,2,173,964,697,1.52,497,0.11,38,77,3,26,0
2025-03-08,3,370,555,4133,1.91,128,0.11,46,72,6,3,0
2025-07-16,3,130,371,4786,2.23,374,0.26,46,27,17,11,0
2025-12-27,3,172,373,3877,1.96,9,0.28,37,75,12,0,0
2025-04-25,2,580,795,3714,2.04,276,0.2,12,57,3,2,36
2025-06-12,3,755,764,1987,2.39,226,0.2,7,4,1,1,31
2025-05-21,2,406,696,1091,2.19,97,0.29,7,1,1,1,13
2025-07-30,1,149,774,2474,2.07,25,0.16,14,86,8,1,21
2025-02-25,3,441,785,4345,2.1,351,0.2,20,11,5,4,5
2025-05-02,1,504,656,1516,1.95,211,0.25,20,86,2,2,33
2025-09-23,5,341,518,2239,1.73,212,0.14,8,92,4,4,39
2025-05-07,4,793,895,606,1.86,11,0.27,41,35,0,0,9
2025-09-26,4,401,973,4643,1.76,161,0.23,24,35,7,2,7
2025-01-05,4,794,918,3941,2.26,125,0.19,44,28,2,1,4
2025-01-25,5,450,718,2612,1.61,378,0.22,48,66,4,4,0
2025-11-24,1,288,609,3931,1.69,320,0.21,28,40,8,5,0
2025-08-07,3,387,555,1706,2.0,45,0.25,32,59,2,0,6
2025-12-29,4,257,345,0,1.74,214,0.23,12,88,0,4,29
2025-11-12,2,333,445,2296,1.88,493,0.24,40,40,4,6,0
2025-06-30,3,172,579,3437,2.06,228,0.22,48,94,10,6,0
2025-10-09,3,280,874,3748,2.11,25,0.28,18,93,6,0,27
2025-04-17,1,393,820,371,1.97,411,0.1,23,64,0,10,17
2025-01-14,5,533,734,3328,2.25,57,0.21,20,67,3,1,28
2025-04-11,3,201,354,1508,2.1,306,0.28,34,1,4,5,0
2025-01-04,5,511,765,1033,2.34,176,0.14,35,12,1,2,0
2025-12-07,5,269,879,4276,2.31,182,0.24,28,86,7,3,13
2025-02-01,4,122,665,1602,2.16,473,0.17,6,86,6,23,28
2025-06-14,1,510,760,4456,1.86,416,0.24,40,99,5,3,18
2025-12-27,4,214,352,574,1.89,146,0.21,16,43,1,3,8
2025-05-29,1,368,738,4502,2.26,380,0.21,43,57,5,5,0
2025-01-14,1,238,374,706,1.57,292,0.2,38,55,2,6,0
2025-02-13,1,437,967,1848,2.19,57,0.28,35,46,2,0,1
2025-01-30,1,349,514,2315,2.01,350,0.24,14,82,3,4,30
2025-03-03,1,577,595,5,2.29,451,0.22,31,67,0,4,19
2025-06-21,3,412,751,2886,1.6,183,0.2,34,92,4,2,16
2025-05-13,3,707,814,2857,2.16,498,0.17,38,17,2,4,2
2025-06-04,2,345,558,2830,2.32,257,0.21,25,10,4,4,0
2025-07-15,5,252,965,3903,1.98,64,0.15,28,1,8,2,0
2025-05-14,4,281,615,3604,2.18,207,0.13,48,20,6,6,0
2025-12-07,5,361,551,4612,2.5,213,0.29,48,33,5,2,0
2025-08-12,5,183,779,4496,2.48,253,0.15,22,41,10,9,0
2025-02-28,5,243,330,3017,2.31,442,0.23,42,17,5,8,0
2025-09-25,3,442,698,2169,2.47,40,0.2,20,40,2,0,15
2025-04-02,2,420,618,2913,2.2,248,0.15,11,1,3,4,10
2025-02-01,5,616,711,1359,2.45,412,0.23,48,67,1,3,4
2025-05-24,4,200,459,479,2.0,351,0.24,20,56,1,7,8
2025-12-22,5,333,660,1817,1.65,186,0.23,26,4,3,2,0
2025-09-28,5,513,836,1714,1.71,117,0.19,21,42,2,1,18
2025-02-06,2,389,889,70,2.04,61,0.14,43,21,0,1,0
2025-06-14,5,579,647,3366,2.36,105,0.2,12,30,2,1,26
2025-07-22,3,165,327,2145,1.98,7,0.18,14,64,7,0,15
2025-12-18,4,569,788,1646,2.32,59,0.3,23,100,1,0,38
2025-04-25,1,668,800,2682,1.69,140,0.2,32,87,2,1,30
2025-06-25,4,145,455,4861,1.53,475,0.28,10,3,22,12,0
2025-04-15,4,211,780,3368,2.44,153,0.11,7,75,7,7,28
2025-07-08,5,695,980,4205,1.81,18,0.22,19,86,3,0,43
2025-03-21,2,484,873,4620,2.2,485,0.28,37,37,4,4,0
2025-07-29,3,155,811,3440,1.79,99,0.29,9,49,12,2,14
2025-09-08,2,245,779,3109,1.76,412,0.16,21,25,7,11,0
2025-08-02,3,212,361,1715,1.58,411,0.1,28,30,5,19,0
2025-02-03,1,221,794,4360,1.6,76,0.16,49,6,12,2,0
2025-07-02,3,128,996,1590,2.47,490,0.14,5,1,5,27,1
2025-10-15,5,253,509,4979,2.39,76,0.24,23,65,8,1,10
2025-02-12,4,234,342,3478,1.95,71,0.14,31,78,8,2,6
2025-12-09,5,675,825,387,1.77,483,0.24,12,59,0,3,40
2025-10-16,3,252,333,2490,2.05,146,0.15,27,59,5,4,4
2025-06-04,4,252,578,3868,2.05,93,0.18,38,50,7,2,0
2025-03-12,5,417,449,4751,1.76,434,0.29,34,98,6,4,18
2025-01-13,4,408,707,3988,2.5,249,0.18,10,43,4,3,24
2025-06-14,5,127,706,4313,1.61,6,0.3,6,2,21,0,0
2025-08-07,5,376,439,3810,1.53,324,0.23,15,2,7,4,3
2025-01-29,5,142,994,3427,1.93,323,0.25,24,89,13,9,12
2025-02-03,3,254,547,549,1.53,246,0.18,42,43,1,5,0
2025-04-24,1,586,691,3835,2.1,114,0.17,40,22,3,1,0
2025-03-08,3,183,357,3732,1.86,210,0.28,8,44,11,4,15
2025-07-10,2,227,333,3401,2.25,358,0.29,42,63,7,5,0
2025-02-25,1,223,327,641,1.51,209,0.15,39,45,2,6,0
2025-10-16,2,487,977,1897,1.56,74,0.21,35,55,2,1,7
2025-09-21,3,289,543,4101,2.36,162,0.21,36,85,6,3,6
2025-03-23,2,794,863,4207,2.35,125,0.21,7,4,2,1,33
2025-01-20,2,197,695,2479,2.18,101,0.2,33,92,6,3,6
2025-03-30,2,671,944,3481,2.14,98,0.19,36,68,2,1,19
2025-08-31,4,234,676,1906,1.78,468,0.25,6,76,5,8,30
2025-09-27,2,169,518,3578,2.4,444,0.19,16,82,9,14,19
2025-04-05,1,483,980,1987,2.05,341,0.2,23,49,2,4,17
2025-05-17,5,369,410,879,1.97,374,0.22,16,9,1,5,5
2025-03-09,5,285,328,3281,2.26,60,0.28,18,83,5,1,23
2025-02-19,5,432,818,4091,1.89,118,0.19,10,19,5,1,17
2025-10-17,4,374,406,4013,1.56,69,0.15,18,41,7,1,13
2025-04-18,2,337,612,3634,2.04,63,0.24,30,83,5,1,13
2025-10-04,4,405,624,471,1.86,248,0.12,49,37,1,5,0
2025-09-26,2,239,314,1588,1.72,320,0.27,19,68,4,5,14
2025-07-15,1,479,521,4907,2.36,451,0.15,35,86,4,6,16
2025-08-02,5,380,623,657,1.74,409,0.11,16,39,1,10,16
2025-09-28,3,307,639,884,2.01,487,0.2,31,71,1,8,7
2025-03-20,3,248,311,2087,2.05,191,0.2,48,96,4,4,0
2025-07-18,2,114,894,3421,1.77,81,0.26,38,89,17,3,0
2025-07-12,2,637,685,1964,2.26,437,0.26,14,6,1,3,19
2025-05-11,5,324,512,4344,1.62,271,0.12,10,23,8,7,13
2025-05-19,1,199,651,1510,2.22,227,0.22,37,82,3,5,0
2025-09-26,2,513,656,2414,2.35,422,0.13,34,96,2,6,23
2025-11-13,2,811,956,4087,2.16,370,0.14,46,98,2,3,26
2025-01-01,4,560,887,4636,2.32,45,0.26,42,56,4,0,4
2025-04-26,2,497,523,2604,1.97,452,0.27,7,18,3,3,23
2025-10-07,3,984,995,4757,1.82,270,0.1,38,73,3,3,35
2025-05-29,1,613,955,1385,2.4,314,0.21,44,80,1,2,12
2025-06-16,1,104,974,4319,2.1,261,0.19,21,30,20,13,0
2025-04-03,2,142,907,4605,1.89,474,0.28,22,18,17,12,0
2025-07-27,1,271,670,4470,2.36,51,0.12,11,94,7,2,33
2025-05-20,2,599,773,4626,1.56,76,0.29,15,54,5,0,32
2025-12-18,4,466,623,1514,1.74,228,0.23,36,33,2,2,0
2025-04-03,2,402,789,3171,2.4,112,0.29,44,4,3,1,0
2025-03-31,2,842,925,1920,1.93,281,0.21,20,51,1,2,39
2025-09-04,1,194,718,2035,2.14,374,0.28,32,39,5,7,0
2025-10-04,4,476,526,2559,1.59,446,0.17,16,91,3,6,37
2025-06-08,5,146,816,936,2.03,9,0.15,7,97,3,0,32
2025-03-29,5,318,368,1,1.62,445,0.29,41,60,0,5,0
2025-12-11,4,220,934,4285,2.21,240,0.11,22,54,9,10,7
2025-07-10,1,171,436,4947,2.36,8,0.27,40,20,12,0,0
2025-02-17,4,715,967,4453,2.22,83,0.19,10,70,3,1,48
2025-12-07,3,854,860,1828,2.33,468,0.26,10,100,1,2,65
2025-08-05,3,107,399,3045,1.94,315,0.24,45,20,15,12,0
2025-10-07,4,416,544,2320,2.33,77,0.17,8,22,2,1,19
2025-11-22,3,338,682,1808,1.72,192,0.2,18,82,3,3,25
2025-02-22,5,706,821,2411,2.06,213,0.21,47,2,2,1,0
2025-06-26,3,257,718,4605,2.45,346,0.17,31,75,7,8,6
2025-09-22,1,330,494,155,2.0,35,0.15,14,90,0,1,32
2025-03-24,2,806,989,1804,1.86,431,0.17,45,4,1,3,0
2025-04-08,2,483,857,1193,2.1,280,0.12,24,7,1,5,2
2025-10-30,1,471,736,329,2.03,267,0.12,19,16,0,5,9
2025-12-30,1,167,367,2976,1.55,421,0.1,32,41,11,25,0
2025-01-26,1,181,506,800,1.71,412,0.25,30,3,3,9,0
2025-11-26,2,292,448,889,2.15,277,0.22,45,4,1,4,0
2025-01-08,2,691,954,3177,1.61,151,0.17,14,31,3,1,30
2025-12-21,2,465,518,1996,1.94,256,0.17,48,77,2,3,0
2025-04-15,1,414,415,1349,2.07,207,0.29,41,57,2,2,0
2025-09-28,3,131,936,3183,1.82,318,0.2,12,48,13,12,10
2025-10-13,4,449,762,3953,1.86,41,0.11,49,16,5,1,0
2025-01-13,3,447,517,198,2.01,242,0.28,49,14,0,2,0
2025-05-27,4,212,708,4209,2.42,2,0.24,34,26,8,0,0
2025-09-17,1,313,522,4598,1.9,229,0.21,9,3,8,3,7
2025-06-11,3,242,316,495,1.56,327,0.14,11,38,1,10,13
2025-12-29,2,322,538,1478,2.09,213,0.22,30,5,2,3,0
2025-07-26,1,170,947,3379,1.92,292,0.16,28,89,10,11,9
2025-10-07,2,629,935,1448,2.08,477,0.21,18,47,1,4,28
2025-11-25,4,776,898,961,2.32,361,0.12,41,64,1,4,18
2025-01-24,5,497,686,1104,1.8,96,0.12,24,23,1,2,7
2025-06-21,3,362,678,4579,1.73,262,0.23,39,42,7,3,0
2025-12-20,4,279,423,1593,1.98,245,0.28,16,51,3,3,14
2025-06-02,1,626,867,3930,2.27,402,0.28,41,40,3,2,3
2025-04-12,2,185,469,4208,2.18,462,0.25,41,30,10,10,0
2025-05-13,2,219,656,1896,2.09,397,0.11,9,30,4,16,11
2025-07-08,3,515,667,4561,2.07,257,0.24,18,42,4,2,21
2025-11-07,3,561,844,1869,2.19,156,0.26,15,55,2,1,31
2025-07-28,4,277,580,4565,2.2,225,0.27,47,69,7,3,0
2025-10-01,2,449,703,4460,2.23,156,0.11,17,68,4,3,27
2025-12-26,1,782,824,1626,2.08,480,0.13,39,41,1,5,13
2025-12-01,4,296,827,2184,2.13,193,0.22,23,0,3,3,0
2025-04-18,2,674,996,2633,2.21,349,0.15,35,19,2,3,4
2025-02-27,2,249,812,397,1.87,93,0.12,6,28,1,3,15
2025-04-03,2,315,683,4785,2.38,213,0.27,44,29,6,3,0
2025-05-14,1,405,521,4014,2.12,461,0.25,40,72,5,5,4
2025-09-10,1,372,486,557,2.46,386,0.28,41,56,1,4,0
2025-05-10,4,193,777,3461,2.32,451,0.13,34,11,8,18,0
2025-08-29,1,500,617,1445,1.82,295,0.24,44,94,2,2,12
2025-01-14,5,220,371,865,1.9,357,0.22,39,6,2,7,0
2025-10-27,4,207,869,4429,1.83,418,0.22,21,79,12,9,15
2025-10-03,3,251,337,3725,1.5,300,0.15,47,14,10,8,0
2025-05-21,3,186,862,4615,1.78,455,0.2,21,83,14,12,15
2025-05-02,4,677,999,4995,2.17,418,0.12,18,36,3,5,27
2025-09-15,5,682,884,403,2.25,101,0.13,12,79,0,1,48
2025-10-01,3,345,703,1254,2.17,280,0.13,17,99,2,6,33
2025-05-28,1,498,874,715,2.24,14,0.12,49,31,1,0,0
2025-11-13,4,251,308,352,1.73,221,0.23,7,19,1,4,11
2025-02-09,4,250,661,1753,1.71,72,0.17,44,57,4,2,0
2025-12-08,3,554,640,584,2.2,282,0.16,24,92,0,3,33
2025-03-27,3,143,547,479,2.08,266,0.19,14,63,2,10,14
2025-12-15,5,393,798,4890,2.16,389,0.15,46,59,6,7,0
2025-11-15,4,241,480,1447,2.25,0,0.18,24,34,3,0,0
2025-06-25,2,590,615,2016,2.45,304,0.26,12,42,1,2,31
2025-10-15,5,444,496,3624,2.31,269,0.23,39,37,4,3,0
2025-05-27,1,450,689,2622,1.81,370,0.11,23,91,3,7,29
2025-06-18,4,517,585,1593,2.12,353,0.11,33,32,1,6,2
2025-04-23,3,382,753,4392,1.51,235,0.27,7,22,8,2,19
2025-05-06,5,443,963,3512,1.61,142,0.27,11,44,5,1,25
2025-08-28,2,821,839,1618,1.79,424,0.18,50,37,1,3,3
2025-12-24,2,148,311,1171,2.07,308,0.11,21,57,4,19,5
2025-06-03,1,127,716,4533,2.49,496,0.21,27,51,14,19,0
2025-12-22,3,747,773,1384,1.86,16,0.19,47,22,1,0,0
2025-02-11,4,698,866,2506,1.6,362,0.21,27,34,2,2,18
2025-03-08,3,232,377,4680,2.13,259,0.2,15,3,9,6,0
2025-08-04,3,398,785,2117,1.97,215,0.13,15,48,3,4,20
2025-04-17,2,341,865,1395,2.03,109,0.22,30,17,2,1,0
2025-08-05,5,797,809,4644,1.72,88,0.11,24,90,3,1,45
2025-06-09,5,179,581,4740,1.79,80,0.25,9,1,15,2,0
2025-02-23,5,359,429,329,2.25,463,0.24,48,5,0,5,0
2025-12-14,5,329,861,2805,2.19,60,0.17,5,20,4,1,17
2025-11-04,1,203,492,4418,1.95,270,0.16,43,50,11,8,0
2025-12-12,2,521,583,773,2.5,168,0.21,12,75,1,2,39
2025-12-19,3,263,519,4026,1.88,217,0.22,19,25,8,4,2
2025-08-26,2,124,847,2929,2.12,56,0.29,43,81,11,2,0
2025-10-17,5,467,651,2207,2.19,448,0.21,36,86,2,5,15
2025-05-18,4,430,546,4784,1.9,195,0.25,48,53,6,2,0
2025-04-29,1,180,769,1260,2.02,246,0.26,25,36,3,5,0
2025-07-03,1,491,830,1978,1.62,157,0.29,13,56,2,1,29
2025-01-08,3,409,739,1223,1.88,77,0.28,24,59,2,1,15
2025-04-27,4,181,445,4604,1.98,423,0.3,47,43,13,8,0
2025-03-28,5,171,903,1496,2.12,458,0.23,48,82,4,12,0
2025-11-15,1,254,765,2095,1.83,379,0.16,13,82,5,9,26
2025-09-21,2,192,404,1351,2.36,287,0.16,48,28,3,9,0
2025-11-18,2,169,395,1174,2.46,300,0.2,46,23,3,9,0
2025-02-20,5,215,342,2956,2.46,439,0.19,22,9,6,11,0
2025-07-29,4,338,344,1010,2.02,5,0.15,31,40,1,0,0
2025-09-21,1,329,721,271,2.28,430,0.22,36,36,0,6,0
2025-06-25,4,139,368,2129,1.72,86,0.17,12,80,9,4,20
2025-08-22,1,512,578,4828,1.88,441,0.23,9,49,5,4,32
2025-06-03,4,273,353,3868,2.07,28,0.24,28,87,7,0,14
2025-09-17,5,454,525,2179,1.85,256,0.16,39,97,3,4,15
2025-03-30,3,326,790,2448,1.67,46,0.25,15,77,4,1,26
2025-11-22,4,157,724,674,2.22,476,0.14,17,97,2,22,22
2025-12-22,4,373,455,196,1.93,342,0.14,39,23,0,7,0
2025-05-09,3,283,346,333,1.78,314,0.16,28,90,1,7,16
2025-08-20,2,458,584,2235,2.44,464,0.12,46,24,2,8,0
2025-06-21,2,485,906,3871,2.18,132,0.26,32,69,4,1,15
2025-09-29,5,186,301,1657,1.77,305,0.16,45,4,5,10,0
2025-06-05,4,169,970,3490,2.41,397,0.14,36,27,9,17,0
2025-07-16,2,230,610,3725,2.1,214,0.23,31,99,8,4,13
2025-01-01,3,383,383,1091,2.14,442,0.26,9,71,1,4,33
2025-07-26,2,732,997,4980,2.22,276,0.21,6,2,3,2,30
2025-10-05,1,447,829,2670,2.13,354,0.21,39,42,3,4,0
2025-04-08,1,264,477,1337,2.31,396,0.28,49,9,2,5,0
2025-07-03,1,605,677,801,1.91,246,0.14,18,100,1,3,45
2025-02-08,4,334,342,4629,2.09,203,0.17,13,78,7,4,29
2025-07-16,2,232,523,408,2.36,323,0.18,49,17,1,8,0
2025-12-12,3,305,367,1884,2.18,348,0.26,11,63,3,4,25
2025-10-10,3,430,908,3083,1.76,400,0.19,30,67,4,5,13
2026-01-01,1,201,914,1913,1.8,253,0.14,9,16,5,9,6
2025-09-03,2,261,408,2819,2.15,235,0.12,45,77,5,8,0
2025-01-29,2,442,472,1813,1.78,222,0.27,43,40,2,2,0
2025-02-06,4,281,908,159,2.37,179,0.3,12,91,0,2,32
2025-08-06,1,178,422,581,1.56,283,0.27,25,78,2,6,9
2025-10-24,4,408,468,3986,1.78,260,0.15,31,51,5,4,6
2025-02-23,1,471,730,4877,1.61,119,0.19,15,61,6,1,28
2025-10-16,3,319,407,359,1.96,222,0.27,46,61,1,3,0
2025-04-29,3,769,963,2476,1.72,211,0.25,32,5,2,1,7
2025-05-13,5,309,825,1473,1.65,76,0.24,7,55,3,1,26
2025-02-15,4,120,510,1812,2.49,372,0.27,20,70,6,11,9
2025-09-07,4,477,704,3488,2.41,405,0.16,20,43,3,5,17
2025-11-29,1,307,831,3819,2.24,283,0.27,48,38,6,3,0
2025-01-17,5,730,966,4496,2.13,283,0.16,32,45,3,2,19
2025-11-30,3,710,833,1466,1.61,31,0.23,38,78,1,0,23
2025-11-18,3,299,956,1181,2.48,182,0.11,34,8,2,6,0
2025-08-28,5,112,732,4,2.02,217,0.27,35,89,0,7,0
2025-03-13,5,462,555,4305,1.74,22,0.19,30,62,5,0,13
2025-08-08,2,322,340,1857,1.75,134,0.27,8,77,3,2,33
2025-09-05,5,542,569,2170,2.08,247,0.3,31,60,2,2,16
2025-01-21,3,579,651,2517,1.73,183,0.26,18,12,3,1,14
2025-01-25,3,707,988,3486,1.86,144,0.27,48,83,3,1,14
2025-02-09,5,179,496,1942,1.63,387,0.17,22,60,7,13,6
2025-11-27,5,308,376,1586,1.6,296,0.19,18,59,3,5,16
2025-12-31,2,312,550,1367,1.96,395,0.19,5,36,2,7,22
2025-02-08,4,196,425,4897,2.09,404,0.23,19,57,12,9,9
2025-06-27,4,119,451,598,2.25,189,0.1,25,38,2,16,0
2025-04-21,1,662,937,1532,2.35,472,0.11,22,14,1,6,15
2025-02-17,5,463,664,1780,2.15,441,0.27,11,67,2,4,34
2025-04-10,3,289,841,4511,2.39,248,0.14,18,13,7,6,0
2025-02-04,1,391,590,278,1.58,251,0.27,31,99,0,2,21
2025-02-03,1,345,735,2378,2.29,144,0.21,45,36,3,2,0
2025-09-02,2,289,331,1247,2.18,236,0.29,30,31,2,3,0
2025-06-21,1,243,400,1423,2.44,195,0.26,19,71,2,3,16
2025-11-16,5,476,629,1453,1.92,362,0.15,42,28,2,5,0
2025-05-09,5,662,749,4252,1.73,395,0.26,23,3,4,2,11
2025-12-13,5,765,838,4910,1.77,268,0.3,35,50,4,1,19
2025-12-20,5,669,993,876,2.07,434,0.28,27,2,1,2,6
2025-04-08,2,444,594,4265,2.33,269,0.13,43,17,4,5,0
2025-02-01,4,566,678,3551,2.02,319,0.12,40,6,3,5,0
2025-11-10,4,325,405,1314,1.72,95,0.23,6,39,2,1,23
2025-09-13,4,624,695,1294,2.07,300,0.28,45,97,1,2,18
2025-08-23,4,519,798,4328,2.49,381,0.15,22,23,3,5,10
2025-04-27,5,231,344,1138,1.57,236,0.15,23,11,3,7,0
2025-07-19,2,688,946,4537,1.59,458,0.14,25,74,4,5,33
2025-11-07,1,212,623,2601,2.29,482,0.28,21,44,5,8,3
2025-02-09,3,189,353,4254,2.44,407,0.12,24,100,9,18,18
2025-02-09,3,237,812,1241,1.86,456,0.23,9,9,3,8,5
2025-07-01,4,866,911,4606,2.44,81,0.23,42,67,2,0,23
2025-01-18,3,432,459,4726,1.52,260,0.26,44,81,7,2,4
2025-09-07,4,225,849,188,2.49,270,0.18,10,39,0,7,14
2025-07-01,2,190,317,3817,1.84,275,0.16,38,43,11,9,0
2025-10-16,2,258,945,4428,1.72,273,0.15,16,34,10,7,7
2025-07-09,2,236,421,4014,1.95,27,0.11,39,41,9,1,0
2026-01-01,2,858,890,3293,2.13,235,0.23,26,22,2,1,23
2025-08-18,2,332,809,894,1.77,308,0.2,31,66,2,5,7
2025-08-08,3,326,435,1481,1.69,35,0.18,6,3,3,1,11
2025-05-24,2,259,798,34,1.82,141,0.22,27,33,0,2,0
2025-10-31,5,838,845,785,2.12,50,0.12,16,97,0,0,57
2025-08-01,2,462,864,1456,2.01,28,0.14,31,13,2,0,0
2025-02-28,3,252,488,2752,1.86,365,0.19,45,59,6,8,0
2025-08-17,5,291,349,3485,1.9,398,0.23,6,99,6,6,41
2025-12-20,5,211,582,4753,2.29,50,0.2,43,50,10,1,0
2025-10-23,4,512,562,2111,2.48,499,0.11,11,11,2,9,17
2025-05-14,1,831,987,4943,1.5,118,0.22,14,91,4,1,57
2025-11-20,3,163,495,1276,1.93,374,0.14,33,51,4,16,0
2025-11-20,5,108,960,840,1.66,432,0.15,12,60,5,27,13
2025-08-05,2,649,759,1637,1.55,20,0.2,50,90,2,0,12
2025-02-07,3,889,974,3268,1.65,467,0.15,21,97,2,4,55
2025-01-29,4,197,609,3109,2.38,72,0.24,15,25,7,2,2
2025-06-11,1,210,943,2840,2.2,294,0.25,30,80,6,6,6
2025-12-10,3,314,989,2708,1.52,321,0.21,13,59,6,5,21
2025-04-27,5,350,454,3483,1.62,298,0.23,23,85,6,4,22
2025-11-12,5,603,985,1208,2.1,360,0.23,49,31,1,3,0
2025-05-12,1,869,926,4223,1.76,226,0.22,34,57,3,1,28
2025-04-18,3,423,537,4669,2.27,102,0.11,47,76,5,2,0
2025-05-16,1,156,564,2314,1.97,342,0.18,40,83,8,12,0
2025-08-23,3,194,325,1490,1.98,410,0.28,10,78,4,8,25
2025-01-16,4,109,453,1973,1.73,339,0.26,50,66,10,12,0
2025-03-12,2,216,586,702,2.39,346,0.16,9,19,1,10,7
2025-03-30,1,274,402,907,2.45,222,0.13,49,21,1,6,0
2025-01-04,1,380,987,3475,2.24,188,0.24,10,47,4,2,24
2025-08-12,5,326,365,4138,2.31,227,0.16,30,24,5,4,0
2025-02-06,3,381,569,1988,2.26,225,0.23,49,30,2,3,0
2025-06-05,5,584,660,1982,2.12,245,0.28,18,76,2,1,36
2025-05-06,3,499,519,2164,2.31,98,0.17,10,91,2,1,44
2025-11-04,1,363,798,4113,2.26,221,0.29,20,66,5,2,20
2025-08-21,4,107,640,2436,1.77,156,0.1,16,6,13,15,0
2025-07-09,3,768,848,4634,2.22,380,0.25,40,93,3,2,29
2025-03-14,1,443,585,3878,2.21,173,0.15,43,96,4,3,11
2025-07-24,4,165,692,466,1.71,61,0.19,15,2,2,2,0
2025-05-15,2,292,750,1901,1.92,39,0.12,46,89,3,1,0
2025-09-09,1,368,476,1933,1.9,322,0.12,16,22,3,7,9
2025-12-02,2,697,855,3548,2.22,301,0.28,49,55,2,2,3
2025-11-15,3,259,327,3454,1.56,89,0.2,36,68,9,2,0
2025-03-18,5,497,920,741,2.08,285,0.14,23,22,1,4,8
2025-05-20,2,285,602,639,1.9,155,0.12,31,70,1,5,6
2025-11-02,5,316,457,657,1.97,109,0.23,8,83,1,1,34
2025-01-03,4,535,704,1712,1.9,295,0.11,43,10,2,5,0
2025-03-16,1,106,512,2066,1.76,42,0.21,10,25,11,2,3
2025-03-10,2,483,840,4056,1.79,348,0.15,16,76,5,5,33
2025-09-14,1,280,619,2364,1.63,369,0.12,6,23,5,11,15
2025-04-24,4,239,488,4373,1.57,186,0.21,18,59,12,4,12
2025-07-20,1,345,723,0,1.87,63,0.2,20,21,0,1,4
2025-09-11,3,411,617,2071,2.19,343,0.29,35,32,2,3,0
2025-07-08,1,383,814,2982,1.67,225,0.28,42,84,5,2,5
2025-12-21,5,424,943,2441,2.16,379,0.1,49,93,3,9,3
2025-10-17,2,725,932,894,1.78,269,0.14,13,87,1,3,52
2025-08-15,4,228,939,1316,1.56,323,0.15,26,79,4,9,11
2025-07-18,2,134,726,4735,1.53,263,0.28,21,95,23,7,16
2025-08-01,5,385,468,1835,1.84,151,0.22,30,25,3,2,0
2025-12-06,3,163,339,930,2.05,451,0.17,6,27,3,16,11
2025-06-05,5,175,634,4803,1.68,466,0.26,30,19,16,10,0
2025-03-29,5,355,785,2884,2.49,432,0.15,16,22,3,8,8
2025-12-20,4,467,728,4288,1.86,386,0.27,24,18,5,3,5
2025-09-28,3,260,665,2352,2.25,135,0.23,36,37,4,2,0
2025-04-09,4,869,971,1060,1.73,99,0.14,27,64,1,1,37
2025-07-17,3,120,667,4266,1.59,284,0.3,31,0,22,8,0
2025-04-13,1,196,626,1178,1.93,272,0.14,37,13,3,10,0
2025-01-02,5,789,807,2468,2.32,247,0.15,47,60,1,2,12
2025-11-29,2,958,1000,118,2.21,343,0.1,9,26,0,4,46
2025-06-18,5,494,573,3083,2.02,134,0.28,12,20,3,1,18
2025-09-14,3,230,914,609,1.71,105,0.28,10,23,2,2,8
2025-07-03,2,161,632,4826,1.83,374,0.21,9,58,16,11,18
2025-06-23,3,300,926,2376,2.01,459,0.23,25,96,4,7,22
2025-06-07,3,893,907,4912,2.45,489,0.29,44,8,2,2,2
2025-09-20,3,187,305,4666,2.18,364,0.16,19,45,11,12,5
2025-11-30,3,533,869,1688,1.76,304,0.13,42,9,2,4,0
2025-10-07,1,378,500,2749,1.66,92,0.18,37,69,4,1,4
2025-12-08,2,245,549,2708,1.62,409,0.22,27,53,7,8,2
2025-08-23,2,203,363,1906,2.44,42,0.2,48,54,4,1,0
2025-09-19,3,124,414,1109,1.61,246,0.12,33,54,6,17,0
2025-11-17,2,125,383,890,2.15,489,0.14,48,78,3,28,0
2025-12-23,3,234,613,3214,2.16,334,0.23,44,76,6,6,0
2025-05-26,4,148,651,4689,1.73,496,0.1,17,28,18,34,0
2025-12-11,2,961,1000,2660,1.93,413,0.23,8,76,1,2,65
2025-07-15,3,392,392,1198,2.42,149,0.23,47,16,1,2,0
2026-01-01,4,447,753,189,2.38,245,0.25,49,16,0,2,0
